id_fecha,fecha_completa,anio,trimestre,mes_numero,mes_nombre,dia_mes,dia_semana,es_fin_semana
20250101,2025-01-01,2025,T1,1,Enero,1,Miércoles,0
20250102,2025-01-02,2025,T1,1,Enero,2,Jueves,0
20250103,2025-01-03,2025,T1,1,Enero,3,Viernes,0
20250104,2025-01-04,2025,T1,1,Enero,4,Sábado,1
20250105,2025-01-05,2025,T1,1,Enero,5,Domingo,1
20250106,2025-01-06,2025,T1,1,Enero,6,Lunes,0
20250107,2025-01-07,2025,T1,1,Enero,7,Martes,0
20250108,2025-01-08,2025,T1,1,Enero,8,Miércoles,0
20250109,2025-01-09,2025,T1,1,Enero,9,Jueves,0
20250110,2025-01-10,2025,T1,1,Enero,10,Viernes,0
20250111,2025-01-11,2025,T1,1,Enero,11,Sábado,1
20250112,2025-01-12,2025,T1,1,Enero,12,Domingo,1
20250113,2025-01-13,2025,T1,1,Enero,13,Lunes,0
20250114,2025-01-14,2025,T1,1,Enero,14,Martes,0
20250115,2025-01-15,2025,T1,1,Enero,15,Miércoles,0
20250116,2025-01-16,2025,T1,1,Enero,16,Jueves,0
20250117,2025-01-17,2025,T1,1,Enero,17,Viernes,0
20250118,2025-01-18,2025,T1,1,Enero,18,Sábado,1
20250119,2025-01-19,2025,T1,1,Enero,19,Domingo,1
20250120,2025-01-20,2025,T1,1,Enero,20,Lunes,0
20250121,2025-01-21,2025,T1,1,Enero,21,Martes,0
20250122,2025-01-22,2025,T1,1,Enero,22,Miércoles,0
20250123,2025-01-23,2025,T1,1,Enero,23,Jueves,0
20250124,2025-01-24,2025,T1,1,Enero,24,Viernes,0
20250125,2025-01-25,2025,T1,1,Enero,25,Sábado,1
20250126,2025-01-26,2025,T1,1,Enero,26,Domingo,1
20250127,2025-01-27,2025,T1,1,Enero,27,Lunes,0
20250128,2025-01-28,2025,T1,1,Enero,28,Martes,0
20250129,2025-01-29,2025,T1,1,Enero,29,Miércoles,0
20250130,2025-01-30,2025,T1,1,Enero,30,Jueves,0
20250131,2025-01-31,2025,T1,1,Enero,31,Viernes,0
20250201,2025-02-01,2025,T1,2,Febrero,1,Sábado,1
20250202,2025-02-02,2025,T1,2,Febrero,2,Domingo,1
20250203,2025-02-03,2025,T1,2,Febrero,3,Lunes,0
20250204,2025-02-04,2025,T1,2,Febrero,4,Martes,0
20250205,2025-02-05,2025,T1,2,Febrero,5,Miércoles,0
20250206,2025-02-06,2025,T1,2,Febrero,6,Jueves,0
20250207,2025-02-07,2025,T1,2,Febrero,7,Viernes,0
20250208,2025-02-08,2025,T1,2,Febrero,8,Sábado,1
20250209,2025-02-09,2025,T1,2,Febrero,9,Domingo,1
20250210,2025-02-10,2025,T1,2,Febrero,10,Lunes,0
20250211,2025-02-11,2025,T1,2,Febrero,11,Martes,0
20250212,2025-02-12,2025,T1,2,Febrero,12,Miércoles,0
20250213,2025-02-13,2025,T1,2,Febrero,13,Jueves,0
20250214,2025-02-14,2025,T1,2,Febrero,14,Viernes,0
20250215,2025-02-15,2025,T1,2,Febrero,15,Sábado,1
20250216,2025-02-16,2025,T1,2,Febrero,16,Domingo,1
20250217,2025-02-17,2025,T1,2,Febrero,17,Lunes,0
20250218,2025-02-18,2025,T1,2,Febrero,18,Martes,0
20250219,2025-02-19,2025,T1,2,Febrero,19,Miércoles,0
20250220,2025-02-20,2025,T1,2,Febrero,20,Jueves,0
20250221,2025-02-21,2025,T1,2,Febrero,21,Viernes,0
20250222,2025-02-22,2025,T1,2,Febrero,22,Sábado,1
20250223,2025-02-23,2025,T1,2,Febrero,23,Domingo,1
20250224,2025-02-24,2025,T1,2,Febrero,24,Lunes,0
20250225,2025-02-25,2025,T1,2,Febrero,25,Martes,0
20250226,2025-02-26,2025,T1,2,Febrero,26,Miércoles,0
20250227,2025-02-27,2025,T1,2,Febrero,27,Jueves,0
20250228,2025-02-28,2025,T1,2,Febrero,28,Viernes,0
20250301,2025-03-01,2025,T1,3,Marzo,1,Sábado,1
20250302,2025-03-02,2025,T1,3,Marzo,2,Domingo,1
20250303,2025-03-03,2025,T1,3,Marzo,3,Lunes,0
20250304,2025-03-04,2025,T1,3,Marzo,4,Martes,0
20250305,2025-03-05,2025,T1,3,Marzo,5,Miércoles,0
20250306,2025-03-06,2025,T1,3,Marzo,6,Jueves,0
20250307,2025-03-07,2025,T1,3,Marzo,7,Viernes,0
20250308,2025-03-08,2025,T1,3,Marzo,8,Sábado,1
20250309,2025-03-09,2025,T1,3,Marzo,9,Domingo,1
20250310,2025-03-10,2025,T1,3,Marzo,10,Lunes,0
20250311,2025-03-11,2025,T1,3,Marzo,11,Martes,0
20250312,2025-03-12,2025,T1,3,Marzo,12,Miércoles,0
20250313,2025-03-13,2025,T1,3,Marzo,13,Jueves,0
20250314,2025-03-14,2025,T1,3,Marzo,14,Viernes,0
20250315,2025-03-15,2025,T1,3,Marzo,15,Sábado,1
20250316,2025-03-16,2025,T1,3,Marzo,16,Domingo,1
20250317,2025-03-17,2025,T1,3,Marzo,17,Lunes,0
20250318,2025-03-18,2025,T1,3,Marzo,18,Martes,0
20250319,2025-03-19,2025,T1,3,Marzo,19,Miércoles,0
20250320,2025-03-20,2025,T1,3,Marzo,20,Jueves,0
20250321,2025-03-21,2025,T1,3,Marzo,21,Viernes,0
20250322,2025-03-22,2025,T1,3,Marzo,22,Sábado,1
20250323,2025-03-23,2025,T1,3,Marzo,23,Domingo,1
20250324,2025-03-24,2025,T1,3,Marzo,24,Lunes,0
20250325,2025-03-25,2025,T1,3,Marzo,25,Martes,0
20250326,2025-03-26,2025,T1,3,Marzo,26,Miércoles,0
20250327,2025-03-27,2025,T1,3,Marzo,27,Jueves,0
20250328,2025-03-28,2025,T1,3,Marzo,28,Viernes,0
20250329,2025-03-29,2025,T1,3,Marzo,29,Sábado,1
20250330,2025-03-30,2025,T1,3,Marzo,30,Domingo,1
20250331,2025-03-31,2025,T1,3,Marzo,31,Lunes,0
20250401,2025-04-01,2025,T2,4,Abril,1,Martes,0
20250402,2025-04-02,2025,T2,4,Abril,2,Miércoles,0
20250403,2025-04-03,2025,T2,4,Abril,3,Jueves,0
20250404,2025-04-04,2025,T2,4,Abril,4,Viernes,0
20250405,2025-04-05,2025,T2,4,Abril,5,Sábado,1
20250406,2025-04-06,2025,T2,4,Abril,6,Domingo,1
20250407,2025-04-07,2025,T2,4,Abril,7,Lunes,0
20250408,2025-04-08,2025,T2,4,Abril,8,Martes,0
20250409,2025-04-09,2025,T2,4,Abril,9,Miércoles,0
20250410,2025-04-10,2025,T2,4,Abril,10,Jueves,0
20250411,2025-04-11,2025,T2,4,Abril,11,Viernes,0
20250412,2025-04-12,2025,T2,4,Abril,12,Sábado,1
20250413,2025-04-13,2025,T2,4,Abril,13,Domingo,1
20250414,2025-04-14,2025,T2,4,Abril,14,Lunes,0
20250415,2025-04-15,2025,T2,4,Abril,15,Martes,0
20250416,2025-04-16,2025,T2,4,Abril,16,Miércoles,0
20250417,2025-04-17,2025,T2,4,Abril,17,Jueves,0
20250418,2025-04-18,2025,T2,4,Abril,18,Viernes,0
20250419,2025-04-19,2025,T2,4,Abril,19,Sábado,1
20250420,2025-04-20,2025,T2,4,Abril,20,Domingo,1
20250421,2025-04-21,2025,T2,4,Abril,21,Lunes,0
20250422,2025-04-22,2025,T2,4,Abril,22,Martes,0
20250423,2025-04-23,2025,T2,4,Abril,23,Miércoles,0
20250424,2025-04-24,2025,T2,4,Abril,24,Jueves,0
20250425,2025-04-25,2025,T2,4,Abril,25,Viernes,0
20250426,2025-04-26,2025,T2,4,Abril,26,Sábado,1
20250427,2025-04-27,2025,T2,4,Abril,27,Domingo,1
20250428,2025-04-28,2025,T2,4,Abril,28,Lunes,0
20250429,2025-04-29,2025,T2,4,Abril,29,Martes,0
20250430,2025-04-30,2025,T2,4,Abril,30,Miércoles,0
20250501,2025-05-01,2025,T2,5,Mayo,1,Jueves,0
20250502,2025-05-02,2025,T2,5,Mayo,2,Viernes,0
20250503,2025-05-03,2025,T2,5,Mayo,3,Sábado,1
20250504,2025-05-04,2025,T2,5,Mayo,4,Domingo,1
20250505,2025-05-05,2025,T2,5,Mayo,5,Lunes,0
20250506,2025-05-06,2025,T2,5,Mayo,6,Martes,0
20250507,2025-05-07,2025,T2,5,Mayo,7,Miércoles,0
20250508,2025-05-08,2025,T2,5,Mayo,8,Jueves,0
20250509,2025-05-09,2025,T2,5,Mayo,9,Viernes,0
20250510,2025-05-10,2025,T2,5,Mayo,10,Sábado,1
20250511,2025-05-11,2025,T2,5,Mayo,11,Domingo,1
20250512,2025-05-12,2025,T2,5,Mayo,12,Lunes,0
20250513,2025-05-13,2025,T2,5,Mayo,13,Martes,0
20250514,2025-05-14,2025,T2,5,Mayo,14,Miércoles,0
20250515,2025-05-15,2025,T2,5,Mayo,15,Jueves,0
20250516,2025-05-16,2025,T2,5,Mayo,16,Viernes,0
20250517,2025-05-17,2025,T2,5,Mayo,17,Sábado,1
20250518,2025-05-18,2025,T2,5,Mayo,18,Domingo,1
20250519,2025-05-19,2025,T2,5,Mayo,19,Lunes,0
20250520,2025-05-20,2025,T2,5,Mayo,20,Martes,0
20250521,2025-05-21,2025,T2,5,Mayo,21,Miércoles,0
20250522,2025-05-22,2025,T2,5,Mayo,22,Jueves,0
20250523,2025-05-23,2025,T2,5,Mayo,23,Viernes,0
20250524,2025-05-24,2025,T2,5,Mayo,24,Sábado,1
20250525,2025-05-25,2025,T2,5,Mayo,25,Domingo,1
20250526,2025-05-26,2025,T2,5,Mayo,26,Lunes,0
20250527,2025-05-27,2025,T2,5,Mayo,27,Martes,0
20250528,2025-05-28,2025,T2,5,Mayo,28,Miércoles,0
20250529,2025-05-29,2025,T2,5,Mayo,29,Jueves,0
20250530,2025-05-30,2025,T2,5,Mayo,30,Viernes,0
20250531,2025-05-31,2025,T2,5,Mayo,31,Sábado,1
20250601,2025-06-01,2025,T2,6,Junio,1,Domingo,1
20250602,2025-06-02,2025,T2,6,Junio,2,Lunes,0
20250603,2025-06-03,2025,T2,6,Junio,3,Martes,0
20250604,2025-06-04,2025,T2,6,Junio,4,Miércoles,0
20250605,2025-06-05,2025,T2,6,Junio,5,Jueves,0
20250606,2025-06-06,2025,T2,6,Junio,6,Viernes,0
20250607,2025-06-07,2025,T2,6,Junio,7,Sábado,1
20250608,2025-06-08,2025,T2,6,Junio,8,Domingo,1
20250609,2025-06-09,2025,T2,6,Junio,9,Lunes,0
20250610,2025-06-10,2025,T2,6,Junio,10,Martes,0
20250611,2025-06-11,2025,T2,6,Junio,11,Miércoles,0
20250612,2025-06-12,2025,T2,6,Junio,12,Jueves,0
20250613,2025-06-13,2025,T2,6,Junio,13,Viernes,0
20250614,2025-06-14,2025,T2,6,Junio,14,Sábado,1
20250615,2025-06-15,2025,T2,6,Junio,15,Domingo,1
20250616,2025-06-16,2025,T2,6,Junio,16,Lunes,0
20250617,2025-06-17,2025,T2,6,Junio,17,Martes,0
20250618,2025-06-18,2025,T2,6,Junio,18,Miércoles,0
20250619,2025-06-19,2025,T2,6,Junio,19,Jueves,0
20250620,2025-06-20,2025,T2,6,Junio,20,Viernes,0
20250621,2025-06-21,2025,T2,6,Junio,21,Sábado,1
20250622,2025-06-22,2025,T2,6,Junio,22,Domingo,1
20250623,2025-06-23,2025,T2,6,Junio,23,Lunes,0
20250624,2025-06-24,2025,T2,6,Junio,24,Martes,0
20250625,2025-06-25,2025,T2,6,Junio,25,Miércoles,0
20250626,2025-06-26,2025,T2,6,Junio,26,Jueves,0
20250627,2025-06-27,2025,T2,6,Junio,27,Viernes,0
20250628,2025-06-28,2025,T2,6,Junio,28,Sábado,1
20250629,2025-06-29,2025,T2,6,Junio,29,Domingo,1
20250630,2025-06-30,2025,T2,6,Junio,30,Lunes,0
20250701,2025-07-01,2025,T3,7,Julio,1,Martes,0
20250702,2025-07-02,2025,T3,7,Julio,2,Miércoles,0
20250703,2025-07-03,2025,T3,7,Julio,3,Jueves,0
20250704,2025-07-04,2025,T3,7,Julio,4,Viernes,0
20250705,2025-07-05,2025,T3,7,Julio,5,Sábado,1
20250706,2025-07-06,2025,T3,7,Julio,6,Domingo,1
20250707,2025-07-07,2025,T3,7,Julio,7,Lunes,0
20250708,2025-07-08,2025,T3,7,Julio,8,Martes,0
20250709,2025-07-09,2025,T3,7,Julio,9,Miércoles,0
20250710,2025-07-10,2025,T3,7,Julio,10,Jueves,0
20250711,2025-07-11,2025,T3,7,Julio,11,Viernes,0
20250712,2025-07-12,2025,T3,7,Julio,12,Sábado,1
20250713,2025-07-13,2025,T3,7,Julio,13,Domingo,1
20250714,2025-07-14,2025,T3,7,Julio,14,Lunes,0
20250715,2025-07-15,2025,T3,7,Julio,15,Martes,0
20250716,2025-07-16,2025,T3,7,Julio,16,Miércoles,0
20250717,2025-07-17,2025,T3,7,Julio,17,Jueves,0
20250718,2025-07-18,2025,T3,7,Julio,18,Viernes,0
20250719,2025-07-19,2025,T3,7,Julio,19,Sábado,1
20250720,2025-07-20,2025,T3,7,Julio,20,Domingo,1
20250721,2025-07-21,2025,T3,7,Julio,21,Lunes,0
20250722,2025-07-22,2025,T3,7,Julio,22,Martes,0
20250723,2025-07-23,2025,T3,7,Julio,23,Miércoles,0
20250724,2025-07-24,2025,T3,7,Julio,24,Jueves,0
20250725,2025-07-25,2025,T3,7,Julio,25,Viernes,0
20250726,2025-07-26,2025,T3,7,Julio,26,Sábado,1
20250727,2025-07-27,2025,T3,7,Julio,27,Domingo,1
20250728,2025-07-28,2025,T3,7,Julio,28,Lunes,0
20250729,2025-07-29,2025,T3,7,Julio,29,Martes,0
20250730,2025-07-30,2025,T3,7,Julio,30,Miércoles,0
20250731,2025-07-31,2025,T3,7,Julio,31,Jueves,0
20250801,2025-08-01,2025,T3,8,Agosto,1,Viernes,0
20250802,2025-08-02,2025,T3,8,Agosto,2,Sábado,1
20250803,2025-08-03,2025,T3,8,Agosto,3,Domingo,1
20250804,2025-08-04,2025,T3,8,Agosto,4,Lunes,0
20250805,2025-08-05,2025,T3,8,Agosto,5,Martes,0
20250806,2025-08-06,2025,T3,8,Agosto,6,Miércoles,0
20250807,2025-08-07,2025,T3,8,Agosto,7,Jueves,0
20250808,2025-08-08,2025,T3,8,Agosto,8,Viernes,0
20250809,2025-08-09,2025,T3,8,Agosto,9,Sábado,1
20250810,2025-08-10,2025,T3,8,Agosto,10,Domingo,1
20250811,2025-08-11,2025,T3,8,Agosto,11,Lunes,0
20250812,2025-08-12,2025,T3,8,Agosto,12,Martes,0
20250813,2025-08-13,2025,T3,8,Agosto,13,Miércoles,0
20250814,2025-08-14,2025,T3,8,Agosto,14,Jueves,0
20250815,2025-08-15,2025,T3,8,Agosto,15,Viernes,0
20250816,2025-08-16,2025,T3,8,Agosto,16,Sábado,1
20250817,2025-08-17,2025,T3,8,Agosto,17,Domingo,1
20250818,2025-08-18,2025,T3,8,Agosto,18,Lunes,0
20250819,2025-08-19,2025,T3,8,Agosto,19,Martes,0
20250820,2025-08-20,2025,T3,8,Agosto,20,Miércoles,0
20250821,2025-08-21,2025,T3,8,Agosto,21,Jueves,0
20250822,2025-08-22,2025,T3,8,Agosto,22,Viernes,0
20250823,2025-08-23,2025,T3,8,Agosto,23,Sábado,1
20250824,2025-08-24,2025,T3,8,Agosto,24,Domingo,1
20250825,2025-08-25,2025,T3,8,Agosto,25,Lunes,0
20250826,2025-08-26,2025,T3,8,Agosto,26,Martes,0
20250827,2025-08-27,2025,T3,8,Agosto,27,Miércoles,0
20250828,2025-08-28,2025,T3,8,Agosto,28,Jueves,0
20250829,2025-08-29,2025,T3,8,Agosto,29,Viernes,0
20250830,2025-08-30,2025,T3,8,Agosto,30,Sábado,1
20250831,2025-08-31,2025,T3,8,Agosto,31,Domingo,1
20250901,2025-09-01,2025,T3,9,Septiembre,1,Lunes,0
20250902,2025-09-02,2025,T3,9,Septiembre,2,Martes,0
20250903,2025-09-03,2025,T3,9,Septiembre,3,Miércoles,0
20250904,2025-09-04,2025,T3,9,Septiembre,4,Jueves,0
20250905,2025-09-05,2025,T3,9,Septiembre,5,Viernes,0
20250906,2025-09-06,2025,T3,9,Septiembre,6,Sábado,1
20250907,2025-09-07,2025,T3,9,Septiembre,7,Domingo,1
20250908,2025-09-08,2025,T3,9,Septiembre,8,Lunes,0
20250909,2025-09-09,2025,T3,9,Septiembre,9,Martes,0
20250910,2025-09-10,2025,T3,9,Septiembre,10,Miércoles,0
20250911,2025-09-11,2025,T3,9,Septiembre,11,Jueves,0
20250912,2025-09-12,2025,T3,9,Septiembre,12,Viernes,0
20250913,2025-09-13,2025,T3,9,Septiembre,13,Sábado,1
20250914,2025-09-14,2025,T3,9,Septiembre,14,Domingo,1
20250915,2025-09-15,2025,T3,9,Septiembre,15,Lunes,0
20250916,2025-09-16,2025,T3,9,Septiembre,16,Martes,0
20250917,2025-09-17,2025,T3,9,Septiembre,17,Miércoles,0
20250918,2025-09-18,2025,T3,9,Septiembre,18,Jueves,0
20250919,2025-09-19,2025,T3,9,Septiembre,19,Viernes,0
20250920,2025-09-20,2025,T3,9,Septiembre,20,Sábado,1
20250921,2025-09-21,2025,T3,9,Septiembre,21,Domingo,1
20250922,2025-09-22,2025,T3,9,Septiembre,22,Lunes,0
20250923,2025-09-23,2025,T3,9,Septiembre,23,Martes,0
20250924,2025-09-24,2025,T3,9,Septiembre,24,Miércoles,0
20250925,2025-09-25,2025,T3,9,Septiembre,25,Jueves,0
20250926,2025-09-26,2025,T3,9,Septiembre,26,Viernes,0
20250927,2025-09-27,2025,T3,9,Septiembre,27,Sábado,1
20250928,2025-09-28,2025,T3,9,Septiembre,28,Domingo,1
20250929,2025-09-29,2025,T3,9,Septiembre,29,Lunes,0
20250930,2025-09-30,2025,T3,9,Septiembre,30,Martes,0
20251001,2025-10-01,2025,T4,10,Octubre,1,Miércoles,0
20251002,2025-10-02,2025,T4,10,Octubre,2,Jueves,0
20251003,2025-10-03,2025,T4,10,Octubre,3,Viernes,0
20251004,2025-10-04,2025,T4,10,Octubre,4,Sábado,1
20251005,2025-10-05,2025,T4,10,Octubre,5,Domingo,1
20251006,2025-10-06,2025,T4,10,Octubre,6,Lunes,0
20251007,2025-10-07,2025,T4,10,Octubre,7,Martes,0
20251008,2025-10-08,2025,T4,10,Octubre,8,Miércoles,0
20251009,2025-10-09,2025,T4,10,Octubre,9,Jueves,0
20251010,2025-10-10,2025,T4,10,Octubre,10,Viernes,0
20251011,2025-10-11,2025,T4,10,Octubre,11,Sábado,1
20251012,2025-10-12,2025,T4,10,Octubre,12,Domingo,1
20251013,2025-10-13,2025,T4,10,Octubre,13,Lunes,0
20251014,2025-10-14,2025,T4,10,Octubre,14,Martes,0
20251015,2025-10-15,2025,T4,10,Octubre,15,Miércoles,0
20251016,2025-10-16,2025,T4,10,Octubre,16,Jueves,0
20251017,2025-10-17,2025,T4,10,Octubre,17,Viernes,0
20251018,2025-10-18,2025,T4,10,Octubre,18,Sábado,1
20251019,2025-10-19,2025,T4,10,Octubre,19,Domingo,1
20251020,2025-10-20,2025,T4,10,Octubre,20,Lunes,0
20251021,2025-10-21,2025,T4,10,Octubre,21,Martes,0
20251022,2025-10-22,2025,T4,10,Octubre,22,Miércoles,0
20251023,2025-10-23,2025,T4,10,Octubre,23,Jueves,0
20251024,2025-10-24,2025,T4,10,Octubre,24,Viernes,0
20251025,2025-10-25,2025,T4,10,Octubre,25,Sábado,1
20251026,2025-10-26,2025,T4,10,Octubre,26,Domingo,1
20251027,2025-10-27,2025,T4,10,Octubre,27,Lunes,0
20251028,2025-10-28,2025,T4,10,Octubre,28,Martes,0
20251029,2025-10-29,2025,T4,10,Octubre,29,Miércoles,0
20251030,2025-10-30,2025,T4,10,Octubre,30,Jueves,0
20251031,2025-10-31,2025,T4,10,Octubre,31,Viernes,0
20251101,2025-11-01,2025,T4,11,Noviembre,1,Sábado,1
20251102,2025-11-02,2025,T4,11,Noviembre,2,Domingo,1
20251103,2025-11-03,2025,T4,11,Noviembre,3,Lunes,0
20251104,2025-11-04,2025,T4,11,Noviembre,4,Martes,0
20251105,2025-11-05,2025,T4,11,Noviembre,5,Miércoles,0
20251106,2025-11-06,2025,T4,11,Noviembre,6,Jueves,0
20251107,2025-11-07,2025,T4,11,Noviembre,7,Viernes,0
20251108,2025-11-08,2025,T4,11,Noviembre,8,Sábado,1
20251109,2025-11-09,2025,T4,11,Noviembre,9,Domingo,1
20251110,2025-11-10,2025,T4,11,Noviembre,10,Lunes,0
20251111,2025-11-11,2025,T4,11,Noviembre,11,Martes,0
20251112,2025-11-12,2025,T4,11,Noviembre,12,Miércoles,0
20251113,2025-11-13,2025,T4,11,Noviembre,13,Jueves,0
20251114,2025-11-14,2025,T4,11,Noviembre,14,Viernes,0
20251115,2025-11-15,2025,T4,11,Noviembre,15,Sábado,1
20251116,2025-11-16,2025,T4,11,Noviembre,16,Domingo,1
20251117,2025-11-17,2025,T4,11,Noviembre,17,Lunes,0
20251118,2025-11-18,2025,T4,11,Noviembre,18,Martes,0
20251119,2025-11-19,2025,T4,11,Noviembre,19,Miércoles,0
20251120,2025-11-20,2025,T4,11,Noviembre,20,Jueves,0
20251121,2025-11-21,2025,T4,11,Noviembre,21,Viernes,0
20251122,2025-11-22,2025,T4,11,Noviembre,22,Sábado,1
20251123,2025-11-23,2025,T4,11,Noviembre,23,Domingo,1
20251124,2025-11-24,2025,T4,11,Noviembre,24,Lunes,0
20251125,2025-11-25,2025,T4,11,Noviembre,25,Martes,0
20251126,2025-11-26,2025,T4,11,Noviembre,26,Miércoles,0
20251127,2025-11-27,2025,T4,11,Noviembre,27,Jueves,0
20251128,2025-11-28,2025,T4,11,Noviembre,28,Viernes,0
20251129,2025-11-29,2025,T4,11,Noviembre,29,Sábado,1
20251130,2025-11-30,2025,T4,11,Noviembre,30,Domingo,1
20251201,2025-12-01,2025,T4,12,Diciembre,1,Lunes,0
20251202,2025-12-02,2025,T4,12,Diciembre,2,Martes,0
20251203,2025-12-03,2025,T4,12,Diciembre,3,Miércoles,0
20251204,2025-12-04,2025,T4,12,Diciembre,4,Jueves,0
20251205,2025-12-05,2025,T4,12,Diciembre,5,Viernes,0
20251206,2025-12-06,2025,T4,12,Diciembre,6,Sábado,1
20251207,2025-12-07,2025,T4,12,Diciembre,7,Domingo,1
20251208,2025-12-08,2025,T4,12,Diciembre,8,Lunes,0
20251209,2025-12-09,2025,T4,12,Diciembre,9,Martes,0
20251210,2025-12-10,2025,T4,12,Diciembre,10,Miércoles,0
20251211,2025-12-11,2025,T4,12,Diciembre,11,Jueves,0
20251212,2025-12-12,2025,T4,12,Diciembre,12,Viernes,0
20251213,2025-12-13,2025,T4,12,Diciembre,13,Sábado,1
20251214,2025-12-14,2025,T4,12,Diciembre,14,Domingo,1
20251215,2025-12-15,2025,T4,12,Diciembre,15,Lunes,0
20251216,2025-12-16,2025,T4,12,Diciembre,16,Martes,0
20251217,2025-12-17,2025,T4,12,Diciembre,17,Miércoles,0
20251218,2025-12-18,2025,T4,12,Diciembre,18,Jueves,0
20251219,2025-12-19,2025,T4,12,Diciembre,19,Viernes,0
20251220,2025-12-20,2025,T4,12,Diciembre,20,Sábado,1
20251221,2025-12-21,2025,T4,12,Diciembre,21,Domingo,1
20251222,2025-12-22,2025,T4,12,Diciembre,22,Lunes,0
20251223,2025-12-23,2025,T4,12,Diciembre,23,Martes,0
20251224,2025-12-24,2025,T4,12,Diciembre,24,Miércoles,0
20251225,2025-12-25,2025,T4,12,Diciembre,25,Jueves,0
20251226,2025-12-26,2025,T4,12,Diciembre,26,Viernes,0
20251227,2025-12-27,2025,T4,12,Diciembre,27,Sábado,1
20251228,2025-12-28,2025,T4,12,Diciembre,28,Domingo,1
20251229,2025-12-29,2025,T4,12,Diciembre,29,Lunes,0
20251230,2025-12-30,2025,T4,12,Diciembre,30,Martes,0
20251231,2025-12-31,2025,T4,12,Diciembre,31,Miércoles,0
20260101,2026-01-01,2026,T1,1,Enero,1,Jueves,0
20260102,2026-01-02,2026,T1,1,Enero,2,Viernes,0
20260103,2026-01-03,2026,T1,1,Enero,3,Sábado,1
20260104,2026-01-04,2026,T1,1,Enero,4,Domingo,1
20260105,2026-01-05,2026,T1,1,Enero,5,Lunes,0
20260106,2026-01-06,2026,T1,1,Enero,6,Martes,0
20260107,2026-01-07,2026,T1,1,Enero,7,Miércoles,0
20260108,2026-01-08,2026,T1,1,Enero,8,Jueves,0
20260109,2026-01-09,2026,T1,1,Enero,9,Viernes,0
20260110,2026-01-10,2026,T1,1,Enero,10,Sábado,1
20260111,2026-01-11,2026,T1,1,Enero,11,Domingo,1
20260112,2026-01-12,2026,T1,1,Enero,12,Lunes,0
20260113,2026-01-13,2026,T1,1,Enero,13,Martes,0
20260114,2026-01-14,2026,T1,1,Enero,14,Miércoles,0
20260115,2026-01-15,2026,T1,1,Enero,15,Jueves,0
20260116,2026-01-16,2026,T1,1,Enero,16,Viernes,0
20260117,2026-01-17,2026,T1,1,Enero,17,Sábado,1
20260118,2026-01-18,2026,T1,1,Enero,18,Domingo,1
20260119,2026-01-19,2026,T1,1,Enero,19,Lunes,0
20260120,2026-01-20,2026,T1,1,Enero,20,Martes,0
20260121,2026-01-21,2026,T1,1,Enero,21,Miércoles,0
20260122,2026-01-22,2026,T1,1,Enero,22,Jueves,0
20260123,2026-01-23,2026,T1,1,Enero,23,Viernes,0
20260124,2026-01-24,2026,T1,1,Enero,24,Sábado,1
20260125,2026-01-25,2026,T1,1,Enero,25,Domingo,1
20260126,2026-01-26,2026,T1,1,Enero,26,Lunes,0
20260127,2026-01-27,2026,T1,1,Enero,27,Martes,0
20260128,2026-01-28,2026,T1,1,Enero,28,Miércoles,0
20260129,2026-01-29,2026,T1,1,Enero,29,Jueves,0
20260130,2026-01-30,2026,T1,1,Enero,30,Viernes,0
20260131,2026-01-31,2026,T1,1,Enero,31,Sábado,1
20260201,2026-02-01,2026,T1,2,Febrero,1,Domingo,1
20260202,2026-02-02,2026,T1,2,Febrero,2,Lunes,0
20260203,2026-02-03,2026,T1,2,Febrero,3,Martes,0
20260204,2026-02-04,2026,T1,2,Febrero,4,Miércoles,0
20260205,2026-02-05,2026,T1,2,Febrero,5,Jueves,0
20260206,2026-02-06,2026,T1,2,Febrero,6,Viernes,0
20260207,2026-02-07,2026,T1,2,Febrero,7,Sábado,1
20260208,2026-02-08,2026,T1,2,Febrero,8,Domingo,1
20260209,2026-02-09,2026,T1,2,Febrero,9,Lunes,0
20260210,2026-02-10,2026,T1,2,Febrero,10,Martes,0
20260211,2026-02-11,2026,T1,2,Febrero,11,Miércoles,0
20260212,2026-02-12,2026,T1,2,Febrero,12,Jueves,0
20260213,2026-02-13,2026,T1,2,Febrero,13,Viernes,0
20260214,2026-02-14,2026,T1,2,Febrero,14,Sábado,1
20260215,2026-02-15,2026,T1,2,Febrero,15,Domingo,1
20260216,2026-02-16,2026,T1,2,Febrero,16,Lunes,0
20260217,2026-02-17,2026,T1,2,Febrero,17,Martes,0
20260218,2026-02-18,2026,T1,2,Febrero,18,Miércoles,0
20260219,2026-02-19,2026,T1,2,Febrero,19,Jueves,0
20260220,2026-02-20,2026,T1,2,Febrero,20,Viernes,0
20260221,2026-02-21,2026,T1,2,Febrero,21,Sábado,1
20260222,2026-02-22,2026,T1,2,Febrero,22,Domingo,1
20260223,2026-02-23,2026,T1,2,Febrero,23,Lunes,0
20260224,2026-02-24,2026,T1,2,Febrero,24,Martes,0
20260225,2026-02-25,2026,T1,2,Febrero,25,Miércoles,0
20260226,2026-02-26,2026,T1,2,Febrero,26,Jueves,0
20260227,2026-02-27,2026,T1,2,Febrero,27,Viernes,0
20260228,2026-02-28,2026,T1,2,Febrero,28,Sábado,1
20260301,2026-03-01,2026,T1,3,Marzo,1,Domingo,1
20260302,2026-03-02,2026,T1,3,Marzo,2,Lunes,0
20260303,2026-03-03,2026,T1,3,Marzo,3,Martes,0
20260304,2026-03-04,2026,T1,3,Marzo,4,Miércoles,0
20260305,2026-03-05,2026,T1,3,Marzo,5,Jueves,0
20260306,2026-03-06,2026,T1,3,Marzo,6,Viernes,0
20260307,2026-03-07,2026,T1,3,Marzo,7,Sábado,1
20260308,2026-03-08,2026,T1,3,Marzo,8,Domingo,1
20260309,2026-03-09,2026,T1,3,Marzo,9,Lunes,0
20260310,2026-03-10,2026,T1,3,Marzo,10,Martes,0
20260311,2026-03-11,2026,T1,3,Marzo,11,Miércoles,0
20260312,2026-03-12,2026,T1,3,Marzo,12,Jueves,0
20260313,2026-03-13,2026,T1,3,Marzo,13,Viernes,0
20260314,2026-03-14,2026,T1,3,Marzo,14,Sábado,1
20260315,2026-03-15,2026,T1,3,Marzo,15,Domingo,1
20260316,2026-03-16,2026,T1,3,Marzo,16,Lunes,0
20260317,2026-03-17,2026,T1,3,Marzo,17,Martes,0
20260318,2026-03-18,2026,T1,3,Marzo,18,Miércoles,0
20260319,2026-03-19,2026,T1,3,Marzo,19,Jueves,0
20260320,2026-03-20,2026,T1,3,Marzo,20,Viernes,0
20260321,2026-03-21,2026,T1,3,Marzo,21,Sábado,1
20260322,2026-03-22,2026,T1,3,Marzo,22,Domingo,1
20260323,2026-03-23,2026,T1,3,Marzo,23,Lunes,0
20260324,2026-03-24,2026,T1,3,Marzo,24,Martes,0
20260325,2026-03-25,2026,T1,3,Marzo,25,Miércoles,0
20260326,2026-03-26,2026,T1,3,Marzo,26,Jueves,0
20260327,2026-03-27,2026,T1,3,Marzo,27,Viernes,0
20260328,2026-03-28,2026,T1,3,Marzo,28,Sábado,1
20260329,2026-03-29,2026,T1,3,Marzo,29,Domingo,1
20260330,2026-03-30,2026,T1,3,Marzo,30,Lunes,0
20260331,2026-03-31,2026,T1,3,Marzo,31,Martes,0
20260401,2026-04-01,2026,T2,4,Abril,1,Miércoles,0
20260402,2026-04-02,2026,T2,4,Abril,2,Jueves,0
20260403,2026-04-03,2026,T2,4,Abril,3,Viernes,0
20260404,2026-04-04,2026,T2,4,Abril,4,Sábado,1
20260405,2026-04-05,2026,T2,4,Abril,5,Domingo,1
20260406,2026-04-06,2026,T2,4,Abril,6,Lunes,0
20260407,2026-04-07,2026,T2,4,Abril,7,Martes,0
20260408,2026-04-08,2026,T2,4,Abril,8,Miércoles,0
20260409,2026-04-09,2026,T2,4,Abril,9,Jueves,0
20260410,2026-04-10,2026,T2,4,Abril,10,Viernes,0
20260411,2026-04-11,2026,T2,4,Abril,11,Sábado,1
20260412,2026-04-12,2026,T2,4,Abril,12,Domingo,1
20260413,2026-04-13,2026,T2,4,Abril,13,Lunes,0
20260414,2026-04-14,2026,T2,4,Abril,14,Martes,0
20260415,2026-04-15,2026,T2,4,Abril,15,Miércoles,0
20260416,2026-04-16,2026,T2,4,Abril,16,Jueves,0
20260417,2026-04-17,2026,T2,4,Abril,17,Viernes,0
20260418,2026-04-18,2026,T2,4,Abril,18,Sábado,1
20260419,2026-04-19,2026,T2,4,Abril,19,Domingo,1
20260420,2026-04-20,2026,T2,4,Abril,20,Lunes,0
20260421,2026-04-21,2026,T2,4,Abril,21,Martes,0
20260422,2026-04-22,2026,T2,4,Abril,22,Miércoles,0
20260423,2026-04-23,2026,T2,4,Abril,23,Jueves,0
20260424,2026-04-24,2026,T2,4,Abril,24,Viernes,0
20260425,2026-04-25,2026,T2,4,Abril,25,Sábado,1
20260426,2026-04-26,2026,T2,4,Abril,26,Domingo,1
20260427,2026-04-27,2026,T2,4,Abril,27,Lunes,0
20260428,2026-04-28,2026,T2,4,Abril,28,Martes,0
20260429,2026-04-29,2026,T2,4,Abril,29,Miércoles,0
20260430,2026-04-30,2026,T2,4,Abril,30,Jueves,0
20260501,2026-05-01,2026,T2,5,Mayo,1,Viernes,0
20260502,2026-05-02,2026,T2,5,Mayo,2,Sábado,1
20260503,2026-05-03,2026,T2,5,Mayo,3,Domingo,1
20260504,2026-05-04,2026,T2,5,Mayo,4,Lunes,0
20260505,2026-05-05,2026,T2,5,Mayo,5,Martes,0
20260506,2026-05-06,2026,T2,5,Mayo,6,Miércoles,0
20260507,2026-05-07,2026,T2,5,Mayo,7,Jueves,0
20260508,2026-05-08,2026,T2,5,Mayo,8,Viernes,0
20260509,2026-05-09,2026,T2,5,Mayo,9,Sábado,1
20260510,2026-05-10,2026,T2,5,Mayo,10,Domingo,1
20260511,2026-05-11,2026,T2,5,Mayo,11,Lunes,0
20260512,2026-05-12,2026,T2,5,Mayo,12,Martes,0
20260513,2026-05-13,2026,T2,5,Mayo,13,Miércoles,0
20260514,2026-05-14,2026,T2,5,Mayo,14,Jueves,0
20260515,2026-05-15,2026,T2,5,Mayo,15,Viernes,0
20260516,2026-05-16,2026,T2,5,Mayo,16,Sábado,1
20260517,2026-05-17,2026,T2,5,Mayo,17,Domingo,1
20260518,2026-05-18,2026,T2,5,Mayo,18,Lunes,0
20260519,2026-05-19,2026,T2,5,Mayo,19,Martes,0
20260520,2026-05-20,2026,T2,5,Mayo,20,Miércoles,0
20260521,2026-05-21,2026,T2,5,Mayo,21,Jueves,0
20260522,2026-05-22,2026,T2,5,Mayo,22,Viernes,0
20260523,2026-05-23,2026,T2,5,Mayo,23,Sábado,1
20260524,2026-05-24,2026,T2,5,Mayo,24,Domingo,1
20260525,2026-05-25,2026,T2,5,Mayo,25,Lunes,0
20260526,2026-05-26,2026,T2,5,Mayo,26,Martes,0
20260527,2026-05-27,2026,T2,5,Mayo,27,Miércoles,0
20260528,2026-05-28,2026,T2,5,Mayo,28,Jueves,0
20260529,2026-05-29,2026,T2,5,Mayo,29,Viernes,0
20260530,2026-05-30,2026,T2,5,Mayo,30,Sábado,1
20260531,2026-05-31,2026,T2,5,Mayo,31,Domingo,1
20260601,2026-06-01,2026,T2,6,Junio,1,Lunes,0
20260602,2026-06-02,2026,T2,6,Junio,2,Martes,0
20260603,2026-06-03,2026,T2,6,Junio,3,Miércoles,0
20260604,2026-06-04,2026,T2,6,Junio,4,Jueves,0
20260605,2026-06-05,2026,T2,6,Junio,5,Viernes,0
20260606,2026-06-06,2026,T2,6,Junio,6,Sábado,1
20260607,2026-06-07,2026,T2,6,Junio,7,Domingo,1
20260608,2026-06-08,2026,T2,6,Junio,8,Lunes,0
20260609,2026-06-09,2026,T2,6,Junio,9,Martes,0
20260610,2026-06-10,2026,T2,6,Junio,10,Miércoles,0
20260611,2026-06-11,2026,T2,6,Junio,11,Jueves,0
20260612,2026-06-12,2026,T2,6,Junio,12,Viernes,0
20260613,2026-06-13,2026,T2,6,Junio,13,Sábado,1
20260614,2026-06-14,2026,T2,6,Junio,14,Domingo,1
20260615,2026-06-15,2026,T2,6,Junio,15,Lunes,0
20260616,2026-06-16,2026,T2,6,Junio,16,Martes,0
20260617,2026-06-17,2026,T2,6,Junio,17,Miércoles,0
20260618,2026-06-18,2026,T2,6,Junio,18,Jueves,0
20260619,2026-06-19,2026,T2,6,Junio,19,Viernes,0
20260620,2026-06-20,2026,T2,6,Junio,20,Sábado,1
20260621,2026-06-21,2026,T2,6,Junio,21,Domingo,1
20260622,2026-06-22,2026,T2,6,Junio,22,Lunes,0
20260623,2026-06-23,2026,T2,6,Junio,23,Martes,0
20260624,2026-06-24,2026,T2,6,Junio,24,Miércoles,0
20260625,2026-06-25,2026,T2,6,Junio,25,Jueves,0
20260626,2026-06-26,2026,T2,6,Junio,26,Viernes,0
20260627,2026-06-27,2026,T2,6,Junio,27,Sábado,1
20260628,2026-06-28,2026,T2,6,Junio,28,Domingo,1
20260629,2026-06-29,2026,T2,6,Junio,29,Lunes,0
20260630,2026-06-30,2026,T2,6,Junio,30,Martes,0
20260701,2026-07-01,2026,T3,7,Julio,1,Miércoles,0
20260702,2026-07-02,2026,T3,7,Julio,2,Jueves,0
20260703,2026-07-03,2026,T3,7,Julio,3,Viernes,0
20260704,2026-07-04,2026,T3,7,Julio,4,Sábado,1
20260705,2026-07-05,2026,T3,7,Julio,5,Domingo,1
20260706,2026-07-06,2026,T3,7,Julio,6,Lunes,0
20260707,2026-07-07,2026,T3,7,Julio,7,Martes,0
20260708,2026-07-08,2026,T3,7,Julio,8,Miércoles,0
20260709,2026-07-09,2026,T3,7,Julio,9,Jueves,0
20260710,2026-07-10,2026,T3,7,Julio,10,Viernes,0
20260711,2026-07-11,2026,T3,7,Julio,11,Sábado,1
20260712,2026-07-12,2026,T3,7,Julio,12,Domingo,1
20260713,2026-07-13,2026,T3,7,Julio,13,Lunes,0
20260714,2026-07-14,2026,T3,7,Julio,14,Martes,0
20260715,2026-07-15,2026,T3,7,Julio,15,Miércoles,0
20260716,2026-07-16,2026,T3,7,Julio,16,Jueves,0
20260717,2026-07-17,2026,T3,7,Julio,17,Viernes,0
20260718,2026-07-18,2026,T3,7,Julio,18,Sábado,1
20260719,2026-07-19,2026,T3,7,Julio,19,Domingo,1
20260720,2026-07-20,2026,T3,7,Julio,20,Lunes,0
20260721,2026-07-21,2026,T3,7,Julio,21,Martes,0
20260722,2026-07-22,2026,T3,7,Julio,22,Miércoles,0
20260723,2026-07-23,2026,T3,7,Julio,23,Jueves,0
20260724,2026-07-24,2026,T3,7,Julio,24,Viernes,0
20260725,2026-07-25,2026,T3,7,Julio,25,Sábado,1
20260726,2026-07-26,2026,T3,7,Julio,26,Domingo,1
20260727,2026-07-27,2026,T3,7,Julio,27,Lunes,0
20260728,2026-07-28,2026,T3,7,Julio,28,Martes,0
20260729,2026-07-29,2026,T3,7,Julio,29,Miércoles,0
20260730,2026-07-30,2026,T3,7,Julio,30,Jueves,0
20260731,2026-07-31,2026,T3,7,Julio,31,Viernes,0
20260801,2026-08-01,2026,T3,8,Agosto,1,Sábado,1
20260802,2026-08-02,2026,T3,8,Agosto,2,Domingo,1
20260803,2026-08-03,2026,T3,8,Agosto,3,Lunes,0
20260804,2026-08-04,2026,T3,8,Agosto,4,Martes,0
20260805,2026-08-05,2026,T3,8,Agosto,5,Miércoles,0
20260806,2026-08-06,2026,T3,8,Agosto,6,Jueves,0
20260807,2026-08-07,2026,T3,8,Agosto,7,Viernes,0
20260808,2026-08-08,2026,T3,8,Agosto,8,Sábado,1
20260809,2026-08-09,2026,T3,8,Agosto,9,Domingo,1
20260810,2026-08-10,2026,T3,8,Agosto,10,Lunes,0
20260811,2026-08-11,2026,T3,8,Agosto,11,Martes,0
20260812,2026-08-12,2026,T3,8,Agosto,12,Miércoles,0
20260813,2026-08-13,2026,T3,8,Agosto,13,Jueves,0
20260814,2026-08-14,2026,T3,8,Agosto,14,Viernes,0
20260815,2026-08-15,2026,T3,8,Agosto,15,Sábado,1
20260816,2026-08-16,2026,T3,8,Agosto,16,Domingo,1
20260817,2026-08-17,2026,T3,8,Agosto,17,Lunes,0
20260818,2026-08-18,2026,T3,8,Agosto,18,Martes,0
20260819,2026-08-19,2026,T3,8,Agosto,19,Miércoles,0
20260820,2026-08-20,2026,T3,8,Agosto,20,Jueves,0
20260821,2026-08-21,2026,T3,8,Agosto,21,Viernes,0
20260822,2026-08-22,2026,T3,8,Agosto,22,Sábado,1
20260823,2026-08-23,2026,T3,8,Agosto,23,Domingo,1
20260824,2026-08-24,2026,T3,8,Agosto,24,Lunes,0
20260825,2026-08-25,2026,T3,8,Agosto,25,Martes,0
20260826,2026-08-26,2026,T3,8,Agosto,26,Miércoles,0
20260827,2026-08-27,2026,T3,8,Agosto,27,Jueves,0
20260828,2026-08-28,2026,T3,8,Agosto,28,Viernes,0
20260829,2026-08-29,2026,T3,8,Agosto,29,Sábado,1
20260830,2026-08-30,2026,T3,8,Agosto,30,Domingo,1
20260831,2026-08-31,2026,T3,8,Agosto,31,Lunes,0
20260901,2026-09-01,2026,T3,9,Septiembre,1,Martes,0
20260902,2026-09-02,2026,T3,9,Septiembre,2,Miércoles,0
20260903,2026-09-03,2026,T3,9,Septiembre,3,Jueves,0
20260904,2026-09-04,2026,T3,9,Septiembre,4,Viernes,0
20260905,2026-09-05,2026,T3,9,Septiembre,5,Sábado,1
20260906,2026-09-06,2026,T3,9,Septiembre,6,Domingo,1
20260907,2026-09-07,2026,T3,9,Septiembre,7,Lunes,0
20260908,2026-09-08,2026,T3,9,Septiembre,8,Martes,0
20260909,2026-09-09,2026,T3,9,Septiembre,9,Miércoles,0
20260910,2026-09-10,2026,T3,9,Septiembre,10,Jueves,0
20260911,2026-09-11,2026,T3,9,Septiembre,11,Viernes,0
20260912,2026-09-12,2026,T3,9,Septiembre,12,Sábado,1
20260913,2026-09-13,2026,T3,9,Septiembre,13,Domingo,1
20260914,2026-09-14,2026,T3,9,Septiembre,14,Lunes,0
20260915,2026-09-15,2026,T3,9,Septiembre,15,Martes,0
20260916,2026-09-16,2026,T3,9,Septiembre,16,Miércoles,0
20260917,2026-09-17,2026,T3,9,Septiembre,17,Jueves,0
20260918,2026-09-18,2026,T3,9,Septiembre,18,Viernes,0
20260919,2026-09-19,2026,T3,9,Septiembre,19,Sábado,1
20260920,2026-09-20,2026,T3,9,Septiembre,20,Domingo,1
20260921,2026-09-21,2026,T3,9,Septiembre,21,Lunes,0
20260922,2026-09-22,2026,T3,9,Septiembre,22,Martes,0
20260923,2026-09-23,2026,T3,9,Septiembre,23,Miércoles,0
20260924,2026-09-24,2026,T3,9,Septiembre,24,Jueves,0
20260925,2026-09-25,2026,T3,9,Septiembre,25,Viernes,0
20260926,2026-09-26,2026,T3,9,Septiembre,26,Sábado,1
20260927,2026-09-27,2026,T3,9,Septiembre,27,Domingo,1
20260928,2026-09-28,2026,T3,9,Septiembre,28,Lunes,0
20260929,2026-09-29,2026,T3,9,Septiembre,29,Martes,0
20260930,2026-09-30,2026,T3,9,Septiembre,30,Miércoles,0
20261001,2026-10-01,2026,T4,10,Octubre,1,Jueves,0
20261002,2026-10-02,2026,T4,10,Octubre,2,Viernes,0
20261003,2026-10-03,2026,T4,10,Octubre,3,Sábado,1
20261004,2026-10-04,2026,T4,10,Octubre,4,Domingo,1
20261005,2026-10-05,2026,T4,10,Octubre,5,Lunes,0
20261006,2026-10-06,2026,T4,10,Octubre,6,Martes,0
20261007,2026-10-07,2026,T4,10,Octubre,7,Miércoles,0
20261008,2026-10-08,2026,T4,10,Octubre,8,Jueves,0
20261009,2026-10-09,2026,T4,10,Octubre,9,Viernes,0
20261010,2026-10-10,2026,T4,10,Octubre,10,Sábado,1
20261011,2026-10-11,2026,T4,10,Octubre,11,Domingo,1
20261012,2026-10-12,2026,T4,10,Octubre,12,Lunes,0
20261013,2026-10-13,2026,T4,10,Octubre,13,Martes,0
20261014,2026-10-14,2026,T4,10,Octubre,14,Miércoles,0
20261015,2026-10-15,2026,T4,10,Octubre,15,Jueves,0
20261016,2026-10-16,2026,T4,10,Octubre,16,Viernes,0
20261017,2026-10-17,2026,T4,10,Octubre,17,Sábado,1
20261018,2026-10-18,2026,T4,10,Octubre,18,Domingo,1
20261019,2026-10-19,2026,T4,10,Octubre,19,Lunes,0
20261020,2026-10-20,2026,T4,10,Octubre,20,Martes,0
20261021,2026-10-21,2026,T4,10,Octubre,21,Miércoles,0
20261022,2026-10-22,2026,T4,10,Octubre,22,Jueves,0
20261023,2026-10-23,2026,T4,10,Octubre,23,Viernes,0
20261024,2026-10-24,2026,T4,10,Octubre,24,Sábado,1
20261025,2026-10-25,2026,T4,10,Octubre,25,Domingo,1
20261026,2026-10-26,2026,T4,10,Octubre,26,Lunes,0
20261027,2026-10-27,2026,T4,10,Octubre,27,Martes,0
20261028,2026-10-28,2026,T4,10,Octubre,28,Miércoles,0
20261029,2026-10-29,2026,T4,10,Octubre,29,Jueves,0
20261030,2026-10-30,2026,T4,10,Octubre,30,Viernes,0
20261031,2026-10-31,2026,T4,10,Octubre,31,Sábado,1
20261101,2026-11-01,2026,T4,11,Noviembre,1,Domingo,1
20261102,2026-11-02,2026,T4,11,Noviembre,2,Lunes,0
20261103,2026-11-03,2026,T4,11,Noviembre,3,Martes,0
20261104,2026-11-04,2026,T4,11,Noviembre,4,Miércoles,0
20261105,2026-11-05,2026,T4,11,Noviembre,5,Jueves,0
20261106,2026-11-06,2026,T4,11,Noviembre,6,Viernes,0
20261107,2026-11-07,2026,T4,11,Noviembre,7,Sábado,1
20261108,2026-11-08,2026,T4,11,Noviembre,8,Domingo,1
20261109,2026-11-09,2026,T4,11,Noviembre,9,Lunes,0
20261110,2026-11-10,2026,T4,11,Noviembre,10,Martes,0
20261111,2026-11-11,2026,T4,11,Noviembre,11,Miércoles,0
20261112,2026-11-12,2026,T4,11,Noviembre,12,Jueves,0
20261113,2026-11-13,2026,T4,11,Noviembre,13,Viernes,0
20261114,2026-11-14,2026,T4,11,Noviembre,14,Sábado,1
20261115,2026-11-15,2026,T4,11,Noviembre,15,Domingo,1
20261116,2026-11-16,2026,T4,11,Noviembre,16,Lunes,0
20261117,2026-11-17,2026,T4,11,Noviembre,17,Martes,0
20261118,2026-11-18,2026,T4,11,Noviembre,18,Miércoles,0
20261119,2026-11-19,2026,T4,11,Noviembre,19,Jueves,0
20261120,2026-11-20,2026,T4,11,Noviembre,20,Viernes,0
20261121,2026-11-21,2026,T4,11,Noviembre,21,Sábado,1
20261122,2026-11-22,2026,T4,11,Noviembre,22,Domingo,1
20261123,2026-11-23,2026,T4,11,Noviembre,23,Lunes,0
20261124,2026-11-24,2026,T4,11,Noviembre,24,Martes,0
20261125,2026-11-25,2026,T4,11,Noviembre,25,Miércoles,0
20261126,2026-11-26,2026,T4,11,Noviembre,26,Jueves,0
20261127,2026-11-27,2026,T4,11,Noviembre,27,Viernes,0
20261128,2026-11-28,2026,T4,11,Noviembre,28,Sábado,1
20261129,2026-11-29,2026,T4,11,Noviembre,29,Domingo,1
20261130,2026-11-30,2026,T4,11,Noviembre,30,Lunes,0
20261201,2026-12-01,2026,T4,12,Diciembre,1,Martes,0
20261202,2026-12-02,2026,T4,12,Diciembre,2,Miércoles,0
20261203,2026-12-03,2026,T4,12,Diciembre,3,Jueves,0
20261204,2026-12-04,2026,T4,12,Diciembre,4,Viernes,0
20261205,2026-12-05,2026,T4,12,Diciembre,5,Sábado,1
20261206,2026-12-06,2026,T4,12,Diciembre,6,Domingo,1
20261207,2026-12-07,2026,T4,12,Diciembre,7,Lunes,0
20261208,2026-12-08,2026,T4,12,Diciembre,8,Martes,0
20261209,2026-12-09,2026,T4,12,Diciembre,9,Miércoles,0
20261210,2026-12-10,2026,T4,12,Diciembre,10,Jueves,0
20261211,2026-12-11,2026,T4,12,Diciembre,11,Viernes,0
20261212,2026-12-12,2026,T4,12,Diciembre,12,Sábado,1
20261213,2026-12-13,2026,T4,12,Diciembre,13,Domingo,1
20261214,2026-12-14,2026,T4,12,Diciembre,14,Lunes,0
20261215,2026-12-15,2026,T4,12,Diciembre,15,Martes,0
20261216,2026-12-16,2026,T4,12,Diciembre,16,Miércoles,0
20261217,2026-12-17,2026,T4,12,Diciembre,17,Jueves,0
20261218,2026-12-18,2026,T4,12,Diciembre,18,Viernes,0
20261219,2026-12-19,2026,T4,12,Diciembre,19,Sábado,1
20261220,2026-12-20,2026,T4,12,Diciembre,20,Domingo,1
20261221,2026-12-21,2026,T4,12,Diciembre,21,Lunes,0
20261222,2026-12-22,2026,T4,12,Diciembre,22,Martes,0
20261223,2026-12-23,2026,T4,12,Diciembre,23,Miércoles,0
20261224,2026-12-24,2026,T4,12,Diciembre,24,Jueves,0
20261225,2026-12-25,2026,T4,12,Diciembre,25,Viernes,0
20261226,2026-12-26,2026,T4,12,Diciembre,26,Sábado,1
20261227,2026-12-27,2026,T4,12,Diciembre,27,Domingo,1
20261228,2026-12-28,2026,T4,12,Diciembre,28,Lunes,0
20261229,2026-12-29,2026,T4,12,Diciembre,29,Martes,0
20261230,2026-12-30,2026,T4,12,Diciembre,30,Miércoles,0
20261231,2026-12-31,2026,T4,12,Diciembre,31,Jueves,0
